{
  "requireCurlyBraces": [
    "if",
    "else",
    "for",
    "while",
    "do",
    "try",
    "catch"
  ],
  "disallowTrailingWhitespace": true,
  "disallowTrailingComma": true,
  "requireCapitalizedConstructors": true,    
  "requireSpaceAfterKeywords": [
    "if",
    "else",
    "for",
    "while",
    "do",
    "switch",
    "return",
    "try",
    "catch"
  ],
  "requireSpaceBeforeBinaryOperators": [
    "=", "+=", "-=", "*=", "/=", "%=", "<<=", ">>=", ">>>=",
    "&=", "|=", "^=", "+=",

    "+", "-", "*", "/", "%", "<<", ">>", ">>>", "&",
    "|", "^", "&&", "||", "===", "==", ">=",
    "<=", "<", ">", "!=", "!=="
  ],
  "requireSpacesInConditionalExpression": true,
  "requireSpaceBeforeBlockStatements": true
}
